Wall time,Step,Value
1638634075.6401834,137,0.8090447783470154
1638634189.4861042,275,0.8695237636566162
1638634310.8786116,413,0.8509054780006409
1638634431.979802,551,0.8487829566001892
1638634553.2869267,689,0.8677260875701904
1638634673.2142997,827,0.8883888721466064
1638634792.856543,965,0.8950297236442566
1638634913.6693864,1103,0.8495684266090393
1638635036.463226,1241,0.8615853190422058
1638635163.7700803,1379,0.8974310159683228
1638635286.0261672,1517,0.9030129313468933
1638635405.6427166,1655,0.8946555256843567
1638635526.2700343,1793,0.8884730339050293
1638635646.1040142,1931,0.8994871377944946
1638635768.2712197,2069,0.9001467227935791
1638635889.7246642,2207,0.8991315364837646
1638636009.4699743,2345,0.8860246539115906
1638636129.1298842,2483,0.9130392670631409
1638636249.7062914,2621,0.8837535977363586
1638636371.302189,2759,0.9004705548286438
