Wall time,Step,Value
1638748814.7116318,137,0.8775554895401001
1638748919.1335719,275,0.8917137384414673
1638749037.0006053,413,0.8067376017570496
1638749139.7802594,551,0.728459894657135
1638749246.7298522,689,0.7954071164131165
1638749356.5067115,827,0.8619968891143799
1638749469.4472144,965,0.7635588049888611
1638749568.9655511,1103,0.8924505114555359
1638749679.2595854,1241,0.8700275421142578
1638749796.8476393,1379,0.8317633271217346
1638749904.4713323,1517,0.9259642958641052
1638750006.974476,1655,0.8812498450279236
1638750107.1733174,1793,0.9294694662094116
1638750209.5391598,1931,0.9258451461791992
1638750316.3175893,2069,0.9219126105308533
1638750433.8629036,2207,0.940418004989624
1638750535.618439,2345,0.9568129181861877
1638750639.4212065,2483,0.9408828020095825
1638750729.5023446,2621,0.9523851275444031
1638750832.6908193,2759,0.9313819408416748
