Wall time,Step,Value
1638750969.9697657,137,0.8339822888374329
1638751071.5411994,275,0.8599146604537964
1638751169.7949803,413,0.8535361289978027
1638751262.675522,551,0.8938633799552917
1638751351.112326,689,0.9013109803199768
1638751446.7007163,827,0.8853257298469543
1638751536.2225888,965,0.8849266767501831
1638751623.9142318,1103,0.9051556587219238
1638751715.3472376,1241,0.9083905816078186
1638751805.330976,1379,0.9111736416816711
1638751899.412338,1517,0.9084715843200684
1638751992.3607645,1655,0.9035148620605469
1638752089.1470711,1793,0.918561577796936
1638752177.9519072,1931,0.902717649936676
1638752262.9929104,2069,0.9078238010406494
1638752352.30757,2207,0.9057514667510986
1638752441.9888818,2345,0.9108824729919434
1638752530.5221617,2483,0.9065906405448914
1638752624.5095458,2621,0.9152412414550781
1638752736.6889777,2759,0.898099422454834
