Wall time,Step,Value
1638746774.0520275,137,0.9067186117172241
1638746886.8118658,275,0.8667895793914795
1638746987.833123,413,0.9314626455307007
1638747080.8370621,551,0.911993682384491
1638747183.90544,689,0.936928927898407
1638747269.962457,827,0.935914933681488
1638747372.841064,965,0.9516276717185974
1638747467.581743,1103,0.9480204582214355
1638747569.0915003,1241,0.9454278349876404
1638747669.1253884,1379,0.9591166973114014
1638747774.0197256,1517,0.953416645526886
1638747876.04545,1655,0.9465917348861694
1638747984.4179432,1793,0.9508041143417358
1638748084.25319,1931,0.9517048001289368
1638748185.6541798,2069,0.9499905109405518
1638748281.211052,2207,0.9563024640083313
1638748380.0667248,2345,0.9402724504470825
1638748472.573035,2483,0.9523180723190308
1638748569.9333987,2621,0.9517301917076111
1638748672.2421985,2759,0.9633461236953735
